[{"id":"30","scode":"AN","sname":"Andaman and Nicobar Islands","stype":"2","entry_date":null},{"id":"1","scode":"AP","sname":"Andhra Pradesh","stype":"1","entry_date":null},{"id":"2","scode":"AR","sname":"Arunachal Pradesh","stype":"1","entry_date":null},{"id":"3","scode":"AS","sname":"Assam","stype":"1","entry_date":null},{"id":"4","scode":"BR","sname":"Bihar","stype":"1","entry_date":null},{"id":"31","scode":"CH","sname":"Chandigarh","stype":"2","entry_date":null},{"id":"5","scode":"CG","sname":"Chhattisgarh","stype":"1","entry_date":null},{"id":"32","scode":"DN","sname":"Dadra and Nagar Haveli","stype":"2","entry_date":null},{"id":"33","scode":"DD","sname":"Daman and Diu","stype":"2","entry_date":null},{"id":"34","scode":"DL","sname":"Delhi","stype":"2","entry_date":null},{"id":"6","scode":"GA","sname":"Goa","stype":"1","entry_date":null},{"id":"7","scode":"GJ","sname":"Gujarat","stype":"1","entry_date":null},{"id":"8","scode":"HR","sname":"Haryana","stype":"1","entry_date":null},{"id":"9","scode":"HP","sname":"Himachal Pradesh","stype":"1","entry_date":null},{"id":"10","scode":"JK","sname":"Jammu and Kashmir","stype":"1","entry_date":null},{"id":"11","scode":"JH","sname":"Jharkhand","stype":"1","entry_date":null},{"id":"12","scode":"KA","sname":"Karnataka","stype":"1","entry_date":null},{"id":"13","scode":"KL","sname":"Kerala","stype":"1","entry_date":null},{"id":"35","scode":"LD","sname":"Lakshadweep","stype":"2","entry_date":null},{"id":"14","scode":"MP","sname":"Madhya Pradesh","stype":"1","entry_date":null},{"id":"15","scode":"MH","sname":"Maharashtra","stype":"1","entry_date":null},{"id":"16","scode":"MN","sname":"Manipur","stype":"1","entry_date":null},{"id":"17","scode":"ML","sname":"Meghalaya","stype":"1","entry_date":null},{"id":"18","scode":"MZ","sname":"Mizoram","stype":"1","entry_date":null},{"id":"19","scode":"NL","sname":"Nagaland","stype":"1","entry_date":null},{"id":"20","scode":"OD","sname":"Odisha","stype":"1","entry_date":null},{"id":"36","scode":"PY","sname":"Pondicherry","stype":"2","entry_date":null},{"id":"21","scode":"PB","sname":"Punjab","stype":"1","entry_date":null},{"id":"22","scode":"RJ","sname":"Rajasthan","stype":"1","entry_date":null},{"id":"23","scode":"SK","sname":"Sikkim","stype":"1","entry_date":null},{"id":"24","scode":"TN","sname":"Tamil Nadu","stype":"1","entry_date":null},{"id":"25","scode":"TS","sname":"Telangana","stype":"1","entry_date":null},{"id":"26","scode":"TR","sname":"Tripura","stype":"1","entry_date":null},{"id":"28","scode":"UP","sname":"Uttar Pradesh","stype":"1","entry_date":null},{"id":"27","scode":"UK","sname":"Uttarakhand","stype":"1","entry_date":null},{"id":"29","scode":"WB","sname":"West Bengal","stype":"1","entry_date":null}]